Nama,Alamat,Kelurahan,Kecamatan,Kapasitas,Volume Masuk,Volume Dikelola,Volume Sampah Diolah,Volume Diangkut,Latitude,Longitude
TPS Pasar Asemrowo,Jl. Asemraya,Asemrowo,Asemrowo,8,8,8,8,8,-7.2434243,112.7034273
TPS Jayamix,Jl. Dupak Rukun,Asemrowo,Asemrowo,28,28,28,28,28,-7.2434243,112.7034273
TPS Genting,Jl. Genting,Asemrowo,Asemrowo,14,14,14,14,14,-7.2434243,112.7034273
Landasan Tambak Asri,Jl. Tambak Asri,Genting Kalianak,Asemrowo,14,14,14,14,14,-7.2366584,112.7058987
TPS Greges,Jl. Greges Kalianak,Tambak Sarioso,Asemrowo,14,14,14,14,14,-7.2364589,112.6811871
TPS Kandangan,Jl. Kandangan,Kandangan,Benowo,14,14,14,14,14,-7.2495909,112.6502826
TPS Griya Citra Asri,Jl. Perum Griya Citra Asri,Kandangan,Benowo,8,8,8,8,8,-7.2495909,112.6502826
TPS Rusunawa Romokalisari,Jl. Rusunawa Romokalisari,Romokalisari,Benowo,14,14,14,14,14,-7.2049763,112.6394385
TPS Bandarejo Sememi,Jl. Bandarejo Pasar Sememi,Sememi,Benowo,14,14,14,14,14,-7.2465629,112.6420176
Pemilahan TPS 3R Tambak Oso Wilangun,Jl. Tambak Oso Wilangun,Tambak Oso Wilangun,Benowo,20,1175,1175,466,0,-7.2190708,112.6544175
TPS Sulung Kali,Jl. Sulung Kali,Alon Alon Contong,Bubutan,26.4,26.4,26.4,26.4,26.4,-7.2500402,112.737988
TPS Penghela,Jl. Penghela,Bubutan,Bubutan,33,33,30,33,33,-7.2501071,112.7330795
TPS Pirngadi,Jl. Pirngadi,Bubutan,Bubutan,28,28,28,28,28,-7.2501071,112.7330795
TPS Dupak Prahu,Jl. Babadan Dupak,Jepara,Bubutan,28,28,28,28,28,-7.2413618,112.7263961
TPS Kalibutuh,Jl. Raya Demak,Tembok Dukuh,Bubutan,52.8,52.8,52.8,52.8,52.8,-7.2541088,112.7217094
Rukom Tambak Deres,Jl. Kyai Tambak Deres,Bulak,Bulak,8,0,0,0,0,-7.2310504,112.7792544
TPS Tambak Deres,Jl. Tambak Deres,Bulak,Bulak,14,14,14,14,14,-7.2310504,112.7792544
TPS Bukit Mas,Jl. Puncak Bukit Mas - Dukuh Pakis,Dukuh Pakis,Dukuh Pakis,8,8,8,8,8,-7.2942104,112.7121307
TPS Gunungsari Yani Golf,Jl. Golf V,Gunung Sari,Dukuh Pakis,14,14,14,14,14,-7.2997877,112.7148852
TPS Jogoloyo,Jl. Jogoloyo,Gunung Sari,Dukuh Pakis,14,14,14,14,14,-7.2997877,112.7148852
Rukom Gunungsari,Jl. Golf No. 4 Komplek Marinir Gunungsari,Gunungsari,Dukuh Pakis,14,3.3,3.3,3.3,0,-7.2997877,112.7148852
TPS Pradah Kali Kendal,Jl. Darmo Permai Selatan,Pradah Kali Kendal,Dukuh Pakis,28,28,28,28,28,-7.2844204,112.692294
TPS Dukuh Menanggal Ikip,Jl. Dukuh Menanggal XII,Dukuh Menanggal,Gayungan,14,14,14,14,14,-7.3439578,112.7281163
Rukom Gayungsari,Jl. Gayungsari IV,Gayungan,Gayungan,8,2.8,2.8,2.8,0,-7.3337207,112.7246852
TPS Gayungsari,Jl. Gayungsari No. 4,Gayungan,Gayungan,14,14,14,14,14,-7.3337207,112.7246852
TPS Kebonsari Makam,Jl. Kebonsari Makam,Kebonsari,Gayungan,14,14,14,14,14,-7.3297146,112.7222116
TPS Gayungpring,Jl. Gayungsari No. 4,Menanggal,Gayungan,14,14,14,14,14,-7.3399132,112.723408
TPS Menanggal YKP,Jl. Menanggal YKP,Menanggal,Gayungan,14,14,14,14,14,-7.3399132,112.723408
TPS Pagesangan,Jl. Pagesangan,Pagesangan,Gayungan,28,28,28,28,28,-7.338323,112.7168019
TPS Kayon,Jl. Kayon,Embong Kaliasin,Genteng,19.8,19.8,19.8,19.8,19.8,-7.2677425,112.7444055
TPS Pasar Genteng,Jl. Genteng Besar,Genteng,Genteng,26,26,26,26,26,-7.2585893,112.7386017
TPS Simpang Dukuh,Jl. Simpang Dukuh,Genteng,Genteng,26.4,26.4,26.4,26.4,26.4,-7.2585893,112.7386017
TPS Srikana,Jl. Srikana,Airlangga,Gubeng,26.4,26.4,26.4,26.4,26.4,-7.2728763,112.7573363
Rukom Srikana,Jl. Srikana - Universitas Airlangga,Airlangga,Gubeng,14,0.1,0.1,0.1,0,-7.2728763,112.7573363
TPS Bratang,Jl. Bratang Binangun,Barata Jaya,Gubeng,52.8,52.8,52.8,52.8,52.8,-7.3052645,112.7603334
TPS Barata Jaya,Jl. Baratajaya,Baratajaya,Gubeng,28,28,28,28,28,-7.2960594,112.7594578
Rukom Bratang,Jl. Manyar,Baratajaya,Gubeng,40,11.4,11.4,11.4,0,-7.2960594,112.7594578
Pemilahan Bratang,Jl. Manyar (Taman Flora),Baratajaya,Gubeng,5,850.1,850.1,470.4,0,-7.2960594,112.7594578
TPS Kangean,Jl. Kangean,Gubeng,Gubeng,19.8,19.8,19.8,19.8,19.8,-7.2725255,112.7489564
TPS Pasar Pucang,Jl. Pasar Pucang Anom,Gubeng,Gubeng,14,14,14,14,14,-7.2725255,112.7489564
TPS Kaliwaron,Jl. Kaliwaron,Mojo,Gubeng,29.7,29.7,29.7,29.7,29.7,-7.2713958,112.767093
Rukom Menur,Jl. Menur,Mojo,Gubeng,20,4.8,4.8,3.3,0,-7.2713958,112.767093
TPS Mojoarum,Jl. Mojoarum,Mojo,Gubeng,23.1,23.1,23.1,23.1,23.1,-7.2713958,112.767093
TPS Kalibokor,Jl. Kalibokor,Pucang Sewu,Gubeng,33,33,33,33,33,-7.2882032,112.7519619
TPS 3R Gununganyar,Jl. Gununganyar,Gunung Anyar,Gunung Anyar,20,257,257,135.4,0,-7.3390803,112.7890957
TPS Purimas,Jl. Perum Purimas Gunung Anyar,Gunung Anyar,Gunung Anyar,28,28,28,28,28,-7.3390803,112.7890957
TPS Wiguna Timur,Jl. Wiguna Timur,Gunung Anyar,Gunung Anyar,14,14,14,14,14,-7.3390803,112.7890957
TPS Metro Merr,Jl. Sukarno Hatta (Pojok Merr Gunung Anyar),Rungkut Kidul,Gunung Anyar,9.9,9.9,9.9,9.9,9.9,-7.3312906,112.7687712
TPS Rungkut Menanggal,Jl. Rungkut Menanggal Harapan,Rungkut Menanggal,Gunung Anyar,14,14,14,14,14,-7.3381011,112.7680711
TPS Jambangan,Jl. Jambangan,Jambangan,Jambangan,28,28,28,28,28,-7.3189386,112.7146393
Rukom Jangkar,Jl. Jambangan Baru VI (Taman Jangkar),Jambangan,Jambangan,8,2.9,2.9,2.9,0,-7.3189386,112.7146393
Pemilahan Pdu Jambangan,Jl. Jambangan Kebon Agung,Jambangan,Jambangan,20,2003.7,2003.7,1370.4,0,-7.3189386,112.7146393
Rukom Jambangan,Jl. Kebon Agung No. 1,Jambangan,Jambangan,40,13.6,13.6,13.6,0,-7.3189386,112.7146393
Rukom Bibis Karah,Jl. Depo Sampah Bibis Karah,Karah,Jambangan,14,2.2,2.2,2.2,0,-7.3148614,112.720556
TPS Bibis Karah,Jl. Karah,Karah,Jambangan,14,14,14,14,14,-7.3148614,112.720556
TPS Pasar Kebonsari,Jl. Kebonsari Tengah,Kebonsari,Jambangan,14,14,14,14,14,-7.3265821,112.7149118
TPS Ketintang Baru Selatan,Jl. Ketintang Selatan,Ketintang,Jambangan,28,28,28,28,28,-7.3146051,112.721242
TPS 3R Karangpilang,Jl. Mastrip Gg. Surya,Karang Pilang,Karang Pilang,20,0,0,0,0,-7.3389592,112.6899507
TPS Karang Pilang Marinir (Ps. Hewan),Jl. Bumi Marinir,Karangpilang,Karang Pilang,14,14,14,14,14,-7.3396887,112.6892263
TPS Kebraon,Jl. Kebraon Selatan,Kebraon,Karang Pilang,28,28,28,28,28,-7.3296178,112.7004257
TPS Kemlaten,Jl. Mastrip,Kedurus,Karang Pilang,28,28,28,28,28,-7.3196971,112.7059449
TPS Bogangin,Jl. Mastrip,Kedurus,Karang Pilang,28,28,28,28,28,-7.3196971,112.7059449
TPS Pasar Kedurus,Jl. Pasar Kedurus,Kedurus,Karang Pilang,28,28,28,28,28,-7.3196971,112.7059449
TPS Rusunawa Warugunung,Jl. Mastrip Warugunung,Warugunung,Karang Pilang,14,14,14,14,14,-7.3419619,112.674171
TPS 3R Warugunung,Jl. Mastrip Warugunung,Warugunung,Karang Pilang,20,2421.1,2421.1,1139.3,0,-7.3419619,112.674171
TPS Kedung Anyar,Jl. Kedung Anyar,Kedungdoro,Kedungdoro,33,33,33,33,33,-7.2650663,112.730476
TPS Memet,Jl. Memet Sastro Wirya,Bulak,Kenjeran,14,14,14,14,14,-7.2058731,112.7639148
TPS Bulak Banteng Podomoro,Jl. Bulak Banteng Pasar Podomoro,Bulak Banteng,Kenjeran,26.4,26.4,26.4,26.4,26.4,-7.2090123,112.7664264
TPS Dukuh Bulak Banteng,Jl. Bulak Banteng Sekolahan,Bulak Banteng,Kenjeran,14,14,14,14,14,-7.2090123,112.7664264
TPS Bulak Banteng Timur,Jl. Bulak Banteng Timur,Bulak Banteng,Kenjeran,16,16,16,16,16,-7.2090123,112.7664264
Landasan Platuk,Jl. Dk Bulak Banteng,Bulak Banteng,Kenjeran,14,14,14,14,14,-7.2090123,112.7664264
TPS 3R Kedungcowek,Jl. Raya Kedung Cowek No. 1 (Jl. Akses Jl. Lingkar Luar Timur),Kedung Cowek,Kenjeran,20,675.5,675.5,349.2,0,-7.2188043,112.7777012
TPS Tanah Kali Kedinding,Jl. Tanah Kali Kedinding,Kedung Cowek,Kenjeran,28,28,28,28,28,-7.2188043,112.7777012
TPS THP Kenjeran,Jl. Kenjeran,Kenjeran,Kenjeran,14,14,14,14,14,-7.2339556,112.7848076
TPS Sidotopo Wetan Pasar,Pasar Sidotopo Wetan,Sidotopo Wetan,Kenjeran,28,28,28,28,28,-7.2214774,112.7626077
TPS 3R Tambakwedi,Jl. Kedung Cowek - Suramadu,Tambak Wedi,Kenjeran,20,20,20,20,0,-7.2113642,112.7749931
TPS Tambak Wedi,Jl. Tambak Wedi,Tambak Wedi,Kenjeran,14,14,14,14,14,-7.2113642,112.7749931
Rukom Tambak Wedi,Jl. Tambak Wedi Baru,Tambak Wedi,Kenjeran,8,4.4,4.4,4.4,0,-7.2113642,112.7749931
TPS Legundi,Jl. Anggrek,Ketabang,Ketabang,29.7,29.7,29.7,29.7,29.7,-7.2577755,112.7483131
TPS Dupak Bangunsari,Dupak Bangunsari,Dupak,Krembangan,28,28,28,28,28,-7.2409083,112.7184585
TPS Dupak Bandarejo,Dupak Bndarejo,Dupak,Krembangan,14,14,14,14,14,-7.2409083,112.7184585
TPS Krembangan Barat,Jl. Krembangan Barat,Krembangan Selatan,Krembangan,42,42,42,42,42,-7.237894,112.7344893
TPS Morokrembangan,Jl. Gadukan Utara,Morokrembangan,Krembangan,14,14,14,14,14,-7.2281143,112.7163129
TPS Mbah Ratu,Jl. Gresik,Morokrembangan,Krembangan,14,14,14,14,14,-7.2281143,112.7163129
Rukom Mbah Ratu,Jl. Gresik Gadukan Timur (Makam Mbah Ratu),Morokrembangan,Krembangan,8,1.5,1.5,1.5,0,-7.2281143,112.7163129
TPS Brimob Ppi,Jl. Sedayu No. 2,Morokrembangan,Krembangan,8,8,8,8,8,-7.2281143,112.7163129
TPS Tanjung Sadari,Jl. Tanjung Sadari,Perak Barat,Krembangan,28,28,28,28,28,-7.2201466,112.7248649
TPS Bangkingan,Jl. Raya Bangkingan,Bangkingan,Lakarsantri,8,8,8,8,8,-7.3228277,112.6572924
TPS Aspol Bangkingan,Jl. Raya Bangkingan (Aspol),Bangkingan,Lakarsantri,14,14,14,14,14,-7.3228277,112.6572924
TPS Jeruk,Jl. Jeruk,Jeruk,Lakarsantri,28,28,28,28,28,-7.3012869,112.6437428
TPS Lakarsantri,Jl. Lakarsantri,Lakarsantri,Lakarsantri,28,28,28,28,28,-7.2978236,112.6335639
TPS Lidah Kulon (Pengganti),Jl. Raya Lidah Kulon,Lidah Kulon,Lakarsantri,14,14,14,14,14,-7.2997151,112.6555062
TPS Wisma Lidah Kulon,Perum Wisma Lidah Kulon,Lidah Kulon,Lakarsantri,14,14,14,14,14,-7.2997151,112.6555062
TPS Lidah Wetan Unesa,Jl. Waduk Unesa,Lidah Wetan,Lakarsantri,28,28,28,28,28,-7.3034214,112.6671884
TPS Sumur Welut,Jl. Sumberan Sumur Welut,Sumur Welut,Lakarsantri,14,14,14,14,14,-7.3260422,112.6724237
TPS Sutorejo,Jl. Sutorejo,Dukuh Sutorejo,Mulyorejo,33,33,33,33,33,-7.2568548,112.7917887
TPS Kalijudan,Jl. Kalijudan,Kalijudan,Mulyorejo,28,28,28,28,28,-7.2561843,112.7820897
Pemilahan Superdepo Sutorejo,Jl. Kalisari Timur - Sutorejo,Kalisari,Mulyorejo,20,1427.5,1427.5,691,0,-7.2646746,112.8065049
TPS Wisma Permai,Jl. Wisma Permai,Kalisari,Mulyorejo,14,14,14,14,14,-7.2646746,112.8065049
TPS Kejawan Putih Tambak,Jl. Kejawan Putih Tambak,Kejawan Putih Tambak,Mulyorejo,19.8,19.8,19.8,19.8,19.8,-7.2717595,112.8160468
TPS Semut Kali,Jl. Semut Kli,Bongkaran,Pabean Cantian,28,28,28,28,28,-7.2425638,112.7429766
Landasan Kasuari,Jl. Kasuari,Krembangan Utara,Pabean Cantian,14,14,14,14,14,-7.2287032,112.7353243
TPS Pasar Babaan,Jl. Kebalen Kulon,Krembangan Utara,Pabean Cantian,28,28,28,28,28,-7.2287032,112.7353243
TPS Pesapen Pompa,Jl. Pesapen Pompa,Krembangan Utara,Pabean Cantian,14,14,14,14,14,-7.2287032,112.7353243
TPS Benteng,Jl. Benteng,Nyamplungan,Pabean Cantian,42,42,42,42,42,-7.2317112,112.739687
TPS Indrapura PLN,Jl. Indrapura Jaya,Perak Timur,Pabean Cantian,14,14,14,14,14,-7.2285485,112.7313912
TPS Babat Jerawat,Jl. Dukuh Jerawat,Babat Jerawat,Pakal,14,14,14,14,14,-7.2404564,112.6294237
Rukom Babat Jerawat,Jl. Raya Babat Jerawat,Babat Jerawat,Pakal,14,3.9,3.9,3.9,0,-7.2404564,112.6294237
TPS Langkir,Jl. Sendang Bulu,Babat Jerawat,Pakal,14,14,14,14,14,-7.2404564,112.6294237
TPS Pondok Benowo Indah,Perum Pondok Benowo Indah,Babat Jerawat,Pakal,14,14,14,14,14,-7.2404564,112.6294237
TPS Benowo Krajan,Jl. Benowo Krajan,Benowo,Pakal,14,14,14,14,14,-7.2339099,112.6152676
TPS Pasar Benowo,Jl. Raya Benowo,Benowo,Pakal,14,14,14,14,14,-7.2339099,112.6152676
TPS Jurang Kuping,Jl. Jurang Indah,Pakal,Pakal,14,14,14,14,14,-7.2377899,112.6200616
TPS Pakal Madya,Jl. Pakal Madya,Pakal,Pakal,8,8,8,8,8,-7.2377899,112.6200616
TPS Pakal Sidorejo,Jl. Pakal Sidorejo,Pakal,Pakal,8,8,8,8,8,-7.2377899,112.6200616
TPS Pakal Timur,Jl. Pakal Sumberan,Pakal,Pakal,8,8,8,8,8,-7.2377899,112.6200616
TPS 3R Sumberejo,Jl. Raya Sumberejo - Pakal,Sumber Rejo,Pakal,20,20,20,20,0,-7.2168797,112.6141312
TPS Sumberejo Krenuk,Jl. Krenuk Sumberejo,Sumberejo,Pakal,8,8,8,8,8,-7.2293074,112.610012
TPS Sumberejo Makam,Jl. Sumberejo No. 2,Sumberejo,Pakal,14,14,14,14,14,-7.2293074,112.610012
TPS Wonokusumo Kidul,Jl. Wonokusumo Kidul,Pegirian,Pegirian,39.6,39.6,39.6,39.6,39.6,-7.2261275,112.7494168
TPS Makam Peneleh,Jl. Makam Peneleh,Peneleh,Peneleh,23.1,23.1,23.1,23.1,23.1,-7.2532021,112.7408403
TPS Romokalisari,Jl. Romokalisari,Romokalisari,Romokalisari,8,8,8,8,8,-7.2169278,112.6458203
TPS Rungkut Alang-Alang,Jl. Kali Rungkut,Kalirungkut,Rungkut,14,14,14,14,14,-7.3199551,112.7676996
TPS Medokan Ayu,Jl. Medokan Asri Tengah,Medokan Ayu,Rungkut,28,28,28,28,28,-7.3256915,112.8008963
Rukom Medokan Ayu,Jl. Medokan Asri Tengah VI,Medokan Ayu,Rungkut,14,3,3,3,0,-7.3256915,112.8008963
TPS Kendal Sari Wonorejo,Jl. Kendalsari ( Barat Kebun Bibit ),Penjaringan Sari,Rungkut,16.5,16.5,16.5,16.5,16.5,-7.3178367,112.7866834
TPS Kendangsari Telkom,Jl. Raya Kendangsari,Penjaringan Sari,Rungkut,33,33,33,33,33,-7.3178367,112.7866834
TPS Penjaringan Sari,Jl. Pandugo,Penjaringansari,Rungkut,28,28,28,28,28,-7.3178367,112.7866834
TPS Rungkut Kidul (Pasar Pahing),Jl. Pasar Rungkut Kidul Pasar Pahing,Rungkut Kidul,Rungkut,28,28,28,28,28,-7.3293649,112.7722982
TPS Rungkut Asri Merr,Jl. Rungkut Asri,Rungkut Kidul,Rungkut,14,14,14,14,14,-7.3293649,112.7722982
Rukom Rungkut Asri,Jl. Rungkut Asri,Rungkut Kidul,Rungkut,20,13.6,13.6,13.6,0,-7.3293649,112.7722982
Rukom Rungkut Asri Timur (Merr),Jl. Rungkut Asri Timur III,Rungkut Kidul,Rungkut,40,13.2,13.2,13.2,0,-7.3293649,112.7722982
Rukom Wonorejo No. 2,Jl. Kendalsari - Wonorejo (Area Kebun Bibit Wonorejo),Wonorejo,Rungkut,60,26.5,26.5,26.5,0,-7.3102812,112.815267
Rukom Wonorejo,Jl. Kendalsari Kebun Bibit Wonorejo,Wonorejo,Rungkut,20,0.1,0.1,0.1,0,-7.3102812,112.815267
TPS Wonorejo,Jl. Raya Wonorejo,Wonorejo,Rungkut,26.4,26.4,26.4,26.4,26.4,-7.3102812,112.815267
TPS Alas Malang,Jl. Alas Malang,Bringin,Sambikerep,14,14,14,14,14,-7.2644698,112.6440689
TPS Bringin,Jl. Bringin,Bringin,Sambikerep,14,14,14,14,14,-7.2644698,112.6440689
TPS Sawo,Jl. Sawo No. 6,Bringin,Sambikerep,8,8,8,8,8,-7.2644698,112.6440689
TPS Candi Lontar,Jl. Lempung Sari,Lontar,Sambikerep,14,14,14,14,14,-7.2782064,112.6684446
TPS Lempung Perdana,Jl. Lontar,Lontar,Sambikerep,14,14,14,14,14,-7.2782064,112.6684446
TPS Kuwukan,Jl. Kuwukan Sambikerep,Sambikerep,Sambikerep,14,14,14,14,14,-7.2771669,112.6523073
TPS Simo Katrungan,Jl. Simo Katrungan,Banyu Urip,Sawahan,8,8,8,8,8,-7.2721443,112.7195078
TPS Kembang Kuning,Jl. Kembang Kuning,Darmo,Sawahan,42,42,42,42,42,-7.2907428,112.7179115
Landasan Bintang Diponggo,Jl. Bintang Diponggo,Pakis,Sawahan,28,28,28,28,28,-7.2864498,112.7222672
TPS Bukit Barisan,Jl. Bukit Barisan,Petemon,Sawahan,59.4,59.4,59.4,59.4,59.4,-7.2613953,112.7184525
TPS Petemon Kuburan,Jl. Petemon Kuburan,Petemon,Sawahan,8,8,8,8,8,-7.2613953,112.7184525
TPS Simo Kwagean (Mataram Utara),Jl. Makam Putat,Putat Jaya,Sawahan,28,28,28,28,28,-7.2766812,112.7163307
TPS Makam Mataram,Jl. Makam Putat Jaya,Putat Jaya,Sawahan,56,56,56,56,56,-7.2766812,112.7163307
Rukom Putat,Jl. Makam Putat Jaya,Putat Jaya,Sawahan,14,0.4,0.4,0.4,0,-7.2766812,112.7163307
TPS Pegirian,Jl. Pegirian,Sidotopo,Semampir,14,14,14,14,14,-7.2299725,112.7505235
TPS Jati Purwo,Jl. Jati Purwo,Ujung,Semampir,14,14,14,14,14,-7.2121829,112.7440507
TPS Jati Srono,Jl. Jati Srono,Ujung,Semampir,14,14,14,14,14,-7.2121829,112.7440507
TPS Mrutu Kalianyar,Jl. Mrutu Kalianyar,Wonokusumo,Semampir,14,14,14,14,14,-7.2181412,112.7546814
TPS Kendung BDH,Jl. Raya Kendung Benowo,Sememi,Sememi,19.8,19.8,19.8,19.8,19.8,-7.250198,112.6419156
TPS Kendung Makam,Jl. Sememi,Sememi,Sememi,14,14,14,14,14,-7.250198,112.6419156
Landasan Kertopaten,Jl. Kertopaten,Sidodadi,Simokerto,42,42,42,42,42,-7.2370472,112.7477525
TPS Kapasan,Jl. Pasar Kapasan,Sidodadi,Simokerto,14,14,14,14,14,-7.2370472,112.7477525
TPS Simolawang,Jl. Simolawang,Simolawang,Simokerto,28,28,28,28,28,-7.2336373,112.7483635
TPS Tambak Rejo,Jl. Tambak Rejo,Tambak Rejo,Simokerto,52.8,52.8,52.8,52.8,52.8,-7.2435993,112.7579716
TPS Gebang Putih,Jl. Gebang Putih,Gebang Putih,Sukolilo,14,14,14,14,14,-7.2817272,112.7869931
TPS ITS,Jl. Arif Rahman Hakim,Keputih,Sukolilo,14,14,14,14,14,-7.295096,112.7927717
TPS LPLT Keputih,Jl. Keputih Tegal,Keputih,Sukolilo,14,14,14,14,12,-7.295096,112.7927717
Rukom LPLT Keputih,Jl. Keputih Tegal (Area Iplt Keputih),Keputih,Sukolilo,14,6.5,6.5,6.5,0,-7.295096,112.7927717
Rukom Liponsos Keputih,Jl. Keputih Tegal No. 32,Keputih,Sukolilo,8,0.1,0.1,0.1,0,-7.295096,112.7927717
TPS Klampis Ngasem,Jl. Klampis Ngasem,Klampis Ngasem,Sukolilo,14,14,14,14,14,-7.288672,112.777086
TPS Semolowaru Bahari (Tpu Keputih),Jl. Medokan Keputih,Medokan Semampir,Sukolilo,14,14,14,14,14,-7.3062527,112.7847949
TPS Medokan Semampir,Jl. Medokan Semampir,Medokan Semampir,Sukolilo,14,14,14,14,14,-7.3062527,112.7847949
TPS Buktong,Jl. Menur - Manyar,Menur Pumpungan,Sukolilo,19.8,19.8,19.8,19.8,19.8,-7.2919238,112.7672637
TPS Aspol Nginden Intan,Jl. Nginden Intan Timur,Nginden Jangkungan,Sukolilo,14,14,14,14,14,-7.3041049,112.7673107
Rukom Nginden Jangkungan,Jl. Nginden Jangkungan,Nginden Jangkungan,Sukolilo,14,14,14,14,0,-7.3041049,112.7673107
TPS Semolowaru,Jl. Semolowaru,Semolowaru,Sukolilo,14,14,14,14,14,-7.3004075,112.7812994
TPS Putat Gede,Jl. Putat Gede Barat,Putat Gede,Sukomanunggal,28,28,28,28,28,-7.2872531,112.7017346
TPS Simohilir,Jl. Simo Hilir,Simo Mulyo,Sukomanunggal,8,8,8,8,8,-7.2712758,112.7033681
TPS Simorukun,Jl. Simo Mulyo,Simo Mulyo,Sukomanunggal,33,33,33,33,33,-7.2712758,112.7033681
Rukom Sonokwijenan,Jl. Darmo Baru Barat XII,Sonokwijenan,Sukomanunggal,20,3.9,3.9,3.9,0,-7.2798775,112.6993551
TPS Sonokwijenan,Jl. Sonokwijenan,Sonokwijenan,Sukomanunggal,28,28,28,28,28,-7.2798775,112.6993551
TPS Sukomanunggal,Jl. Suko Manunggal,Sukomanunggal,Sukomanunggal,14,14,14,14,14,-7.2617671,112.6973817
TPS Candi Puro,Jl. Candipuro,Pacar Keling,Tambaksari,14,14,14,14,14,-7.2613668,112.7553135
TPS Gubeng Masjid,Jl. Gubeng Masjid,Pacar Keling,Tambaksari,8,8,8,8,8,-7.2613668,112.7553135
TPS Gubeng Masjid Pasar,Jl. Gubeng Masjid,Pacar Keling,Tambaksari,8,8,8,8,8,-7.2613668,112.7553135
TPS Pasar Pacar Keling,Jl. Pacar Keling,Pacar Keling,Tambaksari,28,28,28,28,28,-7.2613668,112.7553135
TPS Petojo,Jl. Petojo,Pacar Keling,Tambaksari,8,8,8,8,8,-7.2613668,112.7553135
TPS Bogen,Jl. Bogen Tambaksari,Ploso,Tambaksari,39.6,39.6,39.6,39.6,39.6,-7.2537739,112.7716601
TPS Balongsari,Jl. Balongsari,Balongsari,Tandes,14,14,14,14,14,-7.2516604,112.6796715
TPS 3R Banjarsugihan,Jl. Banjarsugihan Gang Rolax,Banjar Sugihan,Tandes,20,0,0,0,0,-7.2526092,112.659658
TPS Tengger,Jl. Tengger Raya,Banjar Sugihan,Tandes,14,14,14,14,14,-7.2526092,112.659658
TPS Karangpoh,Jl. Darmo Indah Barat II,Karangpoh,Tandes,14,14,14,14,14,-7.2661933,112.6822479
TPS Tubanan,Jl. Tubanan,Karangpoh,Tandes,14,14,14,14,14,-7.2661933,112.6822479
TPS Manukan Kulon,Jl. Manukan Kulon,Manukan Kulon,Tandes,28,28,28,28,28,-7.2600153,112.6664211
TPS Manukan Kulon Baru,Jl. Manukan Kulon,Manukan Kulon,Tandes,14,14,14,14,14,-7.2600153,112.6664211
TPS Buntaran,Jl. Buntaran,Manukan Wetan,Tandes,14,14,14,14,14,-7.2466469,112.6695467
TPS Manukan Telaga,Jl. Manukan Peni VII,Manukan Wetan,Tandes,14,14,14,14,14,-7.2466469,112.6695467
TPS Manukan Wetan,Jl. Sikatan,Manukan Wetan,Tandes,8,8,8,8,8,-7.2466469,112.6695467
TPS Darmo Indah,Jl. Darmo Indah,Tandes,Tandes,14,14,14,14,14,-7.2588965,112.6870227
Rukom Tubanan,Jl. Tubanan Tandes,Tandes,Tandes,14,0.9,0.9,0.9,0,-7.2588965,112.6870227
Rukom Keputran,Jl. Keputran,Keputran,Tegalsari,14,11.3,11.3,11.3,0,-7.2822916,112.7427724
TPS Pasar Keputran,Jl. Keputran Utara,Keputran,Tegalsari,14,14,14,14,14,-7.2822916,112.7427724
TPS Dinoyo,Jl. Siliwangi,Keputran,Tegalsari,28,28,28,28,28,-7.2822916,112.7427724
TPS Kedondong,Jl. Kedondong,Tegalsari,Tegalsari,42,42,42,42,42,-7.2709683,112.7369761
TPS Pasar Kembang,Jl. Wonorejo III (Pasar Kembang),Wonorejo,Tegalsari,26.4,26.4,26.4,26.4,26.4,-7.2706933,112.7317884
TPS Kutisari PLN,Jl. Kutisari PLN,Kutisari,Tenggilis Mejoyo,28,28,28,28,28,-7.3359221,112.7483208
TPS Prapen DKK,Jl. Jemur Sari DKK,Panjang Jiwo,Tenggilis Mejoyo,19.8,19.8,19.8,19.8,19.8,-7.3121667,112.7614965
TPS Prapen,Jl. Raya Prapen,Panjang Jiwo,Tenggilis Mejoyo,19.8,19.8,19.8,19.8,19.8,-7.3121667,112.7614965
TPS Prapen Sisi Timur (Depan Graha Track),Jl. Raya Prapen (Sisi Timur),Panjang Jiwo,Tenggilis Mejoyo,19.8,19.8,19.8,19.8,19.8,-7.3121667,112.7614965
TPS Raya Prapen,Jl. Raya Prapen Sisi Barat,Panjang Jiwo,Tenggilis Mejoyo,19.8,19.8,19.8,19.8,19.8,-7.3121667,112.7614965
TPS 3R Tenggilis,Jl. Tenggilis Barat I,Tenggilis Mejoyo,Tenggilis Mejoyo,20,614.9,614.9,390.4,0,-7.3198073,112.7569099
Rukom Tenggilis Rayon Taman,Jl. Tenggilis Tengah,Tenggilis Mejoyo,Tenggilis Mejoyo,14,4.3,4.3,4.3,0,-7.3198073,112.7569099
Rukom Tenggilis Utara,Jl. Tenggilis Utara,Tenggilis Mejoyo,Tenggilis Mejoyo,14,3.4,3.4,3.4,0,-7.3198073,112.7569099
TPS Tenggilis Utara,Jl. Tenggilis Utara,Tenggilis Utara,Tenggilis Mejoyo,28,28,28,28,28,-7.3164081,112.7550217
TPS Babatan Indah,Jl. Babatan Indah,Babatan,Wiyung,14,14,14,14,14,-7.3021334,112.6811362
Rukom Balas Klumprik,Jl. Balas Klumprik Pdam,Balas Klumprik,Wiyung,14,3.4,3.4,3.4,0,-7.3270194,112.6873078
TPS Balas Klumprik,Jl. Koterm Balas Klumprik,Balas Klumprik,Wiyung,14,14,14,14,14,-7.3270194,112.6873078
TPS Pondok Manggala,Jl. Pondok Mnggala,Balas Klumprik,Wiyung,14,14,14,14,14,-7.3270194,112.6873078
TPS Wiyung Kramat,Jl. Kramat Wiyung,Jajar Tunggal,Wiyung,8,8,8,8,8,-7.3090046,112.7057276
TPS Gogor / Jajar Tunggal,Jl. Mastrip,Jajar Tunggal,Wiyung,14,14,14,14,14,-7.3090046,112.7057276
TPS Pasar Wiyung,Jl. Menganti Wiyung,Wiyung,Wiyung,14,14,14,14,14,-7.3109179,112.693824
TPS Tpi Wiyung,Jl. Tpi Wiyung,Wiyung,Wiyung,14,14,14,14,14,-7.3109179,112.693824
TPS Jemur Wonosari,Jl. Jemur Wonosari,Jemur Wonosari,Wonocolo,19.8,19.8,19.8,19.8,19.8,-7.3240169,112.7379509
TPS Siwalankerto,Jl. Siwalan Kerto,Siwalankerto,Wonocolo,26.4,25.4,25.4,26.4,25.4,-7.3356142,112.7359922
TPS Pasar Beras Bendul Merisi,Jl. Bendul Merisi,Bendul Merisi,Wonokromo,28,28,28,28,28,-7.3071908,112.7360777
Depo Bendul Merisi,Jl. Bendul Merisi Selatan,Bendul Merisi,Wonokromo,42,42,42,42,42,-7.3071908,112.7360777
TPS Taman Ketampon,Jl. Taman Ketampon,Darmo,Wonokromo,23,23,23,23,23,-7.2894287,112.7332404
TPS Jagir,Jl. Jagir,Jagir,Wonokromo,26.4,26.4,26.4,26.4,26.4,-7.3058685,112.7424765
TPS Ngagel,Jl. Ngagel,Ngagel,Wonokromo,19.8,19.8,19.8,19.8,19.8,-7.290469,112.7451258
TPS Bratang Lapangan,Jl. Bratang Lapangan,Ngagel Rejo,Wonokromo,14,14,12,14,14,-7.2978653,112.7492322
TPS Ngagel Dadi,Jl. Ngagel Dadi III,Ngagel Rejo,Wonokromo,14,14,14,14,14,-7.2978653,112.7492322
TPS Joyoboyo,Jl. Joyoboyo Gunungsari,Sawunggaling,Wonokromo,26.4,26.4,26.4,26.4,26.4,-7.2985439,112.7265924
TPS Wonoboyo,Jl. Wonoboyo Batanghari,Sawunggaling,Wonokromo,14,14,14,14,14,-7.2985439,112.7265924
TPS Jetis Kulon,Jl. Jetis Kulon,Wonokromo,Wonokromo,14,14,14,14,14,-7.3020554,112.7392222
